{
    "categories": [
        {
            "name": "ALE Psych Crew",
            "developers": [
                {
                    "name": "Alejo GD Official",
                    "icon": "alejo",
                    "link": "https://www.youtube.com/@alejogdofficial",
                    "description": "Director\nLead Programmer",
                    "color": "32335E"
                },
                {
                    "name": "THE VOID",
                    "icon": "void",
                    "link": "https://www.youtube.com/@THEE_VOIDDD",
                    "description": "Co-Founder\nVoice Actress",
                    "color": "830607"
                },
                {
                    "name": "Malloy",
                    "icon": "malloyboi",
                    "link": "https://x.com/ArtByHenry2010",
                    "description": "GitHub Maintainer\nManaged Repositories and Wiki",
                    "color": "814B1F"
                },
                {
                    "name": "ManuArtz",
                    "icon": "manu",
                    "link": "https://www.youtube.com/@MArtz_06",
                    "description": "Artist",
                    "color": "43406E"
                }
            ]
        },
        {
            "name": "Contributions",
            "developers": [
                {
                    "name": "Kriptel",
                    "icon": "kriptel",
                    "link": "https://www.youtube.com/@kriptel_pro",
                    "description": "RuleScript Implementation\nHe made some Macros",
                    "color": "731D1D"
                },
                {
                    "name": "Slushi",
                    "icon": "slushi",
                    "link": "https://github.com/Slushi-Github",
                    "description": "Slushi Windows API Creator",
                    "color": "285C58"
                },
                {
                    "name": "Ina the Cat",
                    "icon": "ina",
                    "link": "https://www.youtube.com/@InaTheCat",
                    "description": "Improved Video Support",
                    "color": "4D3C64"
                }
            ]
        }
    ]
}