{
  "developerMode": false,
  "mobileDebug": false,
  "scriptsHotReloading": false,
  "verbose": false,
  "allowDebugPrint": true,
  "initialState": "TitleState",
  "freeplayState": "FreeplayState",
  "storyMenuState": "StoryMenuState",
  "masterEditorState": "MasterEditorState",
  "mainMenuState": "MainMenuState",
  "optionsState": "OptionsState",
  "pauseSubState": "PauseSubState",
  "gameOverScreen": "GameOverSubState",
  "transition": "FadeTransition",
  "loadDefaultWeeks": true,
  "title": "Friday Night Funkin': ALE Psych",
  "icon": "appIcon",
  "width": 1280,
  "height": 720,
  "bpm": 102.0,
  "discordID": "1309982575368077416",
  "modID": null
}
